http://a-taris.ru,mailto:info@a-taris.ru,"Веб студия ""Атарис"". Создание и продвижение сайтов, разработка мобильных приложений."
https://www.evrostroy-sochi.ru/,mailto:sales2@evrostroy1.ru,Еврострой - Тротуарная плитка и бордюры в Сочи и Краснодаре
http://01service.ru/,mailto:01@01service.ru,"01Service - ремонт ноутбуков, клавиатура для ноутбука, замена матриц, замена клавиатур, диагностика ноутбуков"
http://100-dreley.ru/,mailto:anapaprorab3@gmail.com,Магазин инструментов Прораб с доставкой по России
http://01cat.ru/,mailto:hello@01cat.ru,"Двоичный кот | Диджитал студия | Брендинг, веб, графический дизайн"
http://a-gubert.ru/,mailto:support@beget.com,Домен не прилинкован ни к одной из директорий на сервере!
http://a-gubert.ru/,mailto:bills@beget.com,Домен не прилинкован ни к одной из директорий на сервере!
http://a-gubert.ru/,mailto:manager@beget.com,Домен не прилинкован ни к одной из директорий на сервере!
http://a-kharitonov.ru/,mailto:me@a-kharitonov.ru,Александр Харитонов
http://012345.ru/,mailto:info@smartsoft.ru?subject=,"Создание, поддержка, развитие сайтов, поисковая оптимизация, продвижение и раскрутка сайтов, интернет реклама и PR, интернет маркетинг, компания Смартсофт SmartSoft, Москва"
http://012345.ru/,mailto:%20info@smartsoft.ru,"Создание, поддержка, развитие сайтов, поисковая оптимизация, продвижение и раскрутка сайтов, интернет реклама и PR, интернет маркетинг, компания Смартсофт SmartSoft, Москва"
http://095-web.ru/,mailto:info@095-web.ru,095 - цифровые решения для Вашего бизнеса
http://10-f.ru/,mailto:en@himich.com,"Студия «Десятый этаж» — Внимание к деталям. Разработка и продвижение сайтов, создание дизайна."
http://101gx.ru/,,
http://101gx.ru/,,
http://101robot.ru/,,Создание сайта на базе CMS Joomla! - 101ROBOT.RU
http://101robot.ru/,,Создание сайта на базе CMS Joomla! - 101ROBOT.RU
http://10sec.ru/,mailto:info@10sec.ru,"Создание сайтов и продвижение в поисковых системах - Web лаборатория (веб студия) ""10sec"""
http://1102710.ru/,mailto:zakaz@1102710.ru,"Разработка сайтов, реклама, SEO"
http://1477.ru/,,"Создание сайтов. Портфолио, отзывы, цены | OVIX.biz"
http://1510.ru/,mailto:uvv@uvv.me,Веб-студия 1510
http://1801018.ru/,mailto:info@1801018.ru,Создание сайтов в Анапе | Лендинг | Сайт для бизнеса
